name,plot,geometry,2015,2017,2021,2023
p1sw,CP_1,"c(18.3744263878333, -34.2073100808333)",2.6476187705993652,2.4656260013580322,2.8261070251464844,2.700951337814331
p8sw,CP_8,"c(18.3842624126667, -34.2235069593333)",2.793273448944092,2.686734676361084,2.6224355697631836,2.533733606338501
p9sw,CP_9,"c(18.3942185641667, -34.2235664986667)",2.599151372909546,2.557739496231079,2.606785535812378,2.330005407333374
p12sw,CP_12,"c(18.3934325563333, -34.231832327)",1.9262019395828247,1.8768413066864014,1.6268095970153809,1.4075658321380615
p14sw,CP_14,"c(18.4136176513333, -34.2321171296667)",4.207293510437012,4.592373847961426,4.898804187774658,4.541706562042236
p15sw,CP_15,"c(18.3840404563333, -34.2398727443333)",0.794853925704956,0.9163569808006287,0.7415251731872559,0.5375373959541321
p16sw,CP_16,"c(18.393506271, -34.2402394221667)",1.1615040302276611,1.255491018295288,0.9959869384765625,0.7756237983703613
p17sw,CP_17,"c(18.40362031, -34.2400773266667)",0.7266992926597595,0.9862946271896362,0.6941940188407898,0.7591731548309326
p18sw,CP_18,"c(18.413234376, -34.2399264115)",3.4746458530426025,NA,NA,NA
p21sw,CP_21,"c(18.4030232246667, -34.2482252133333)",1.064258337020874,1.0804024934768677,0.8303772807121277,0.7136107683181763
p22sw,CP_22,"c(18.4118278675, -34.2483595365)",0.5708730816841125,NA,NA,NA
p27sw,CP_27,"c(18.4036103831667, -34.2566490245)",1.8846323490142822,NA,NA,NA
p28sw,CP_28,"c(18.414228254, -34.2572102441667)",2.1229662895202637,NA,NA,NA
p29sw,CP_29,"c(18.4257878641667, -34.2569806071667)",2.1251673698425293,NA,NA,NA
p31sw,CP_31,"c(18.4431853723333, -34.2559592645)",2.7455031871795654,NA,NA,NA
p34sw,CP_34,"c(18.3933373753333, -34.2656196175)",2.0941665172576904,2.024444341659546,2.152068614959717,2.0806078910827637
p37sw,CP_37,"c(18.4230219056667, -34.2650496433333)",1.6194884777069092,NA,NA,NA
p38,CP_38,"c(18.4339204681667, -34.2663996088333)",0.6902251839637756,NA,NA,NA
p39sw,CP_39,"c(18.4438777643333, -34.2649954383334)",2.673372268676758,NA,NA,NA
p40sw,CP_40,"c(18.4536367581667, -34.26494944)",2.228548526763916,NA,1.5843793153762817,0.8804273009300232
p44sw,CP_44,"c(18.3922431146667, -34.2692101185)",1.4044537544250488,1.5115677118301392,1.5497270822525024,1.4344395399093628
p45sw,CP_45,"c(18.4036579923333, -34.273142193)",2.1280081272125244,1.7498559951782227,2.057896375656128,1.9937833547592163
p47sw,CP_47,"c(18.4232075383333, -34.2730635716667)",1.8987762928009033,NA,1.756034255027771,1.5673147439956665
p48sw,CP_48,"c(18.433024315, -34.2730206933333)",0.9922212362289429,NA,0.9851242899894714,0.7502402067184448
p49sw,CP_49,"c(18.4429056135, -34.2733046308333)",1.147027850151062,NA,1.1502176523208618,0.9304665327072144
p50sw,CP_50,"c(18.4532159441667, -34.2732788133333)",1.4490692615509033,NA,2.1112959384918213,1.78823983669281
p55sw,CP_55,"c(18.4236131081667, -34.2814906321667)",1.0221154689788818,0.6247544884681702,0.7364591360092163,0.5469942092895508
p56sw,CP_56,"c(18.4330716515, -34.2816015093333)",0.8260843753814697,1.3560775518417358,0.9749026894569397,0.6017918586730957
p57sw,CP_57,"c(18.4429911233333, -34.2822270515)",0.8598489165306091,0.7193740606307983,0.9207183718681335,0.6050674915313721
p58sw,CP_58,"c(18.4532213531667, -34.2813759086667)",0.8883947730064392,1.5527331829071045,1.4734793901443481,1.3186148405075073
p59sw,CP_59,"c(18.4629916056667, -34.280961449)",1.3291668891906738,1.189021348953247,1.3751963376998901,1.1894062757492065
p61sw,CP_61,"c(18.4041165086667, -34.288528286)",1.8012754917144775,1.5058234930038452,1.7049082517623901,1.6526579856872559
p62sw,CP_62,"c(18.4139310266667, -34.2897337266667)",2.264641284942627,2.5778086185455322,2.515939235687256,2.3958704471588135
p63sw,CP_63,"c(18.4231994151667, -34.2897717781667)",0.7738785743713379,0.8081417679786682,1.1512335538864136,0.8992279767990112
p64sw,CP_64,"c(18.4333180991667, -34.2897470966667)",0.8038262724876404,0.9853652119636536,1.2438777685165405,1.140650987625122
p65sw,CP_65,"c(18.443306949, -34.2893959336667)",0.6060821413993835,0.6906394362449646,1.1239455938339233,0.8654010891914368
p66sw,CP_66,"c(18.4529656321667, -34.2897447415)",1.774849772453308,1.898511290550232,1.8981375694274902,1.5627690553665161
p67sw,CP_67,"c(18.463000169, -34.2898224293333)",2.3197226524353027,2.130990743637085,2.2316091060638428,2.0711705684661865
p70sw,CP_70,"c(18.4231157476667, -34.297935946)",2.3833141326904297,2.630376100540161,2.711634874343872,2.540405511856079
p71sw,CP_71,"c(18.4332774936667, -34.297848516)",0.7774174809455872,0.6151716709136963,1.1129484176635742,0.7011901140213013
p72sw,CP_72,"c(18.4443728808333, -34.2966773258333)",1.498955249786377,1.357988953590393,1.4645200967788696,1.1903223991394043
p73sw,CP_73,"c(18.4526543223333, -34.2984554471667)",1.4217606782913208,1.2566661834716797,1.42612886428833,1.181968092918396
p75sw,CP_75,"c(18.4127683266667, -34.3057102503333)",2.368082046508789,2.3788564205169678,2.5021893978118896,2.4997358322143555
p76sw,CP_76,"c(18.4224287305, -34.3060507115)",1.0591552257537842,0.8472337126731873,0.9648560881614685,0.7626850605010986
p78sw,CP_78,"c(18.4429724631667, -34.3060048353333)",1.64241623878479,1.4897940158843994,1.596043348312378,1.3724322319030762
p79sw,CP_79,"c(18.4529256323333, -34.306355775)",1.2268997430801392,1.0165996551513672,1.2276265621185303,0.9661619663238525
p82sw,CP_82,"c(18.4235298376667, -34.314318078)",1.086681842803955,0.9107288718223572,0.9598386287689209,0.7636762261390686
p83sw,CP_83,"c(18.433476755, -34.3146262978333)",1.041778802871704,0.8989264369010925,1.1705951690673828,0.7842850089073181
p88sw,CP_88,"c(18.4429493773333, -34.3226925035)",1.7395354509353638,1.7812273502349854,1.9836139678955078,1.7460689544677734
p92sw,CP_92,"c(18.4432728478333, -34.33088319)",2.655285596847534,2.4048023223876953,2.4431967735290527,2.3210349082946777
